{
    "Level1": [
        {
            "score": 11000,
            "timestamp": "04:28 08-12-2024"
        },
        {
            "score": 10000,
            "timestamp": "07:06 08-12-2024"
        },
        {
            "score": 1100,
            "timestamp": "08:09 08-12-2024"
        },
        {
            "score": 1100,
            "timestamp": "08:11 08-12-2024"
        },
        {
            "score": 1090,
            "timestamp": "04:33 08-12-2024"
        },
        {
            "score": 990,
            "timestamp": "07:41 08-12-2024"
        },
        {
            "score": 990,
            "timestamp": "07:41 08-12-2024"
        },
        {
            "score": 690,
            "timestamp": "07:37 08-12-2024"
        },
        {
            "score": 690,
            "timestamp": "07:37 08-12-2024"
        },
        {
            "score": 550,
            "timestamp": "07:21 08-12-2024"
        }
    ]
}